Jill,Doe,jill@test.com,56,100
Joe,Doe,jill@test.com,56,100
Justin,Doe,jill@test.com,56,100
Jane,Doe,jill@test.com,56,100
John,Doe,jill@test.com,56,100
Peter,Schmidt,pschmidt0@aboutads.info,28,100
Christina,Hart,chart1@dropbox.com,29,100
Janet,Warren,jwarren2@hc360.com,21,100
Pamela,Smith,psmith3@nps.gov,21,100
Victor,Watkins,vwatkins4@newsvine.com,29,100
Mildred,Larson,mlarson5@exblog.jp,20,100
Eric,Thompson,ethompson6@buzzfeed.com,28,100
Phyllis,Vasquez,pvasquez7@blogspot.com,28,100
Alan,Gutierrez,agutierrez8@about.me,26,100
Louis,Lopez,llopez9@ning.com,22,100
Elizabeth,Myers,emyersa@bigcartel.com,29,200
Emily,Phillips,ephillipsb@1688.com,29,200
Dorothy,Holmes,dholmesc@redcross.org,24,200
Shirley,Campbell,scampbelld@paypal.com,21,200
Pamela,Watson,pwatsone@pen.io,25,200
Harold,Mills,hmillsf@va.gov,28,200
Juan,King,jkingg@walmart.com,22,200
Fred,Gordon,fgordonh@chronoengine.com,27,200
Douglas,Harris,dharrisi@yahoo.co.jp,23,200
Ralph,Bennett,rbennettj@utexas.edu,24,200
Stephen,Romero,sromerok@nih.gov,20,200
Dorothy,Elliott,delliottl@yandex.ru,26,300
Terry,Rodriguez,trodriguezm@stanford.edu,23,300
Louise,Wheeler,lwheelern@amazon.de,27,300
Steve,Ramos,sramoso@barnesandnoble.com,21,300
Kelly,Carroll,kcarrollp@oakley.com,22,300
Kenneth,Henderson,khendersonq@liveinternet.ru,26,300
Bobby,Snyder,bsnyderr@symantec.com,30,300
Sandra,Andrews,sandrewss@cbc.ca,23,300
Julia,Bowman,jbowmant@sogou.com,27,300
Timothy,Nelson,tnelsonu@nydailynews.com,30,300
Justin,Brown,jbrownv@simplemachines.org,24,300
Johnny,Mendoza,jmendozaw@mit.edu,29,400
Barbara,Dean,bdeanx@myspace.com,20,400
Diana,Allen,dalleny@hubpages.com,25,400
Earl,James,ejamesz@umich.edu,23,400
Roy,King,rking10@hatena.ne.jp,25,400
Earl,Hall,ehall11@jiathis.com,21,400
Philip,Carter,pcarter12@themeforest.net,30,400
Andrea,Fuller,afuller13@about.me,26,400
Gloria,Bradley,gbradley14@yellowbook.com,24,400
Matthew,Fox,mfox15@google.com.au,25,400
Annie,Mitchell,amitchell16@si.edu,29,400
Kenneth,Cooper,kcooper17@studiopress.com,29,100
Lori,Fowler,lfowler18@businessweek.com,20,100
George,Gardner,ggardner19@liveinternet.ru,25,100
Sara,Fowler,sfowler1a@mac.com,27,100
Fred,Howard,fhoward1b@youtu.be,30,100
Alan,Hart,ahart1c@1und1.de,24,100
Albert,Robertson,arobertson1d@japanpost.jp,20,100
Patrick,Hayes,phayes1e@acquirethisname.com,28,100
Tammy,Allen,tallen1f@blog.com,25,100
Ronald,Berry,rberry1g@rakuten.co.jp,20,100
Philip,Simpson,psimpson1h@privacy.gov.au,23,100
Louis,Harrison,lharrison1i@nymag.com,21,100
Bonnie,Wells,bwells1j@geocities.com,27,100
Mark,Reed,mreed1k@arstechnica.com,20,100
Carlos,Mcdonald,cmcdonald1l@cbc.ca,25,300
Amy,Fowler,afowler1m@comsenz.com,22,300
Stephanie,Andrews,sandrews1n@icio.us,26,300
Kathy,Shaw,kshaw1o@nytimes.com,23,300
William,Harvey,wharvey1p@xrea.com,23,300
Amy,Arnold,aarnold1q@ftc.gov,24,300
Anne,Barnes,abarnes1r@prnewswire.com,24,300
Lillian,Cook,lcook1s@devhub.com,21,300
Cheryl,Gonzales,cgonzales1t@kickstarter.com,22,300
Maria,Adams,madams1u@telegraph.co.uk,21,300
Christine,Simpson,csimpson1v@netscape.com,29,300
Brian,Parker,bparker1w@360.cn,23,300
Annie,Day,aday1x@joomla.org,26,100
Brandon,Bailey,bbailey1y@berkeley.edu,28,100
Robert,Graham,rgraham1z@homestead.com,29,100
James,Hunt,jhunt20@privacy.gov.au,24,100
Stephen,Frazier,sfrazier21@feedburner.com,25,100
Marie,Burton,mburton22@timesonline.co.uk,24,100
Kimberly,Cook,kcook23@foxnews.com,26,100
Gloria,Montgomery,gmontgomery24@comcast.net,26,100
Lisa,Lane,llane25@cpanel.net,24,100
Sharon,Willis,swillis26@si.edu,28,100
Julie,Banks,jbanks27@comcast.net,22,100
Louis,Fowler,lfowler28@exblog.jp,29,200
Lawrence,Weaver,lweaver29@gizmodo.com,27,200
Richard,Turner,rturner2a@uol.com.br,25,200
Betty,Nelson,bnelson2b@redcross.org,25,200
Russell,Wilson,rwilson2c@walmart.com,28,200
Philip,Bradley,pbradley2d@elegantthemes.com,28,200
Nancy,Bradley,nbradley2e@studiopress.com,21,200
Terry,Woods,twoods2f@phoca.cz,21,200
Dennis,Perez,dperez2g@dell.com,24,200
Lawrence,Larson,llarson2h@hatena.ne.jp,28,200
Jeremy,Nichols,jnichols2i@eventbrite.com,25,200
Brian,Hart,bhart2j@woothemes.com,20,200
Jose,Spencer,jspencer2k@newyorker.com,20,200
Todd,Dean,tdean2l@sitemeter.com,23,200
Heather,Harper,hharper2m@walmart.com,27,200
Theresa,Medina,tmedina2n@bing.com,22,200
Alan,Adams,aadams2o@businessinsider.com,22,300
Jerry,Brooks,jbrooks2p@usa.gov,23,300
Bruce,Day,bday2q@ca.gov,27,300
Craig,Reid,creid2r@telegraph.co.uk,24,300
Deborah,Riley,driley2s@cpanel.net,20,300
Annie,Greene,agreene2t@scientificamerican.com,23,300
Kathy,Marshall,kmarshall2u@vistaprint.com,24,300
Joseph,Allen,jallen2v@europa.eu,28,300
William,Ford,wford2w@etsy.com,21,300
Shirley,Pierce,spierce2x@va.gov,22,300
Jimmy,Holmes,jholmes2y@umn.edu,25,300
Randy,Lynch,rlynch2z@youku.com,27,300
Bonnie,Myers,bmyers30@yelp.com,27,300
Julie,Allen,jallen31@blogger.com,28,300
Gary,Stephens,gstephens32@blinklist.com,25,300
Jose,Bradley,jbradley33@jugem.jp,22,300
Ronald,Chapman,rchapman34@icio.us,23,300
Michael,Barnes,mbarnes35@wikipedia.org,29,300
Jennifer,Fields,jfields36@stanford.edu,24,400
Henry,Day,hday37@squidoo.com,20,400
Jean,Burns,jburns38@g.co,21,400
Stephen,Hayes,shayes39@youtu.be,21,400
Melissa,Jones,mjones3a@hostgator.com,28,400
Sarah,Kim,skim3b@networksolutions.com,27,400
Kathryn,Reed,kreed3c@netscape.com,24,400
Juan,Johnston,jjohnston3d@scientificamerican.com,29,400
Andrew,Rogers,arogers3e@ted.com,26,400
Ernest,Ford,eford3f@microsoft.com,28,400
Judith,Daniels,jdaniels3g@theatlantic.com,25,400
Philip,Clark,pclark3h@google.co.uk,26,400
Jerry,Rogers,jrogers3i@chronoengine.com,20,400
Amy,Stone,astone3j@wired.com,27,400
Timothy,Perry,tperry3k@usnews.com,21,400
Judith,Ellis,jellis3l@purevolume.com,23,400
Martha,Scott,mscott3m@canalblog.com,27,400
Elizabeth,Jenkins,ejenkins3n@mail.ru,20,400
Steve,Fuller,sfuller3o@google.cn,25,400
Marilyn,Castillo,mcastillo3p@behance.net,21,400
Kelly,Grant,kgrant3q@sakura.ne.jp,29,400
Diana,Weaver,dweaver3r@hatena.ne.jp,23,400
Tina,Rogers,trogers3s@spotify.com,26,400
Kimberly,Marshall,kmarshall3t@flickr.com,29,400
Joan,Harris,jharris3u@prweb.com,25,400
Lori,Gonzalez,lgonzalez3v@dailymail.co.uk,25,400
Teresa,Hamilton,thamilton3w@elegantthemes.com,22,400
Clarence,Bennett,cbennett3x@posterous.com,21,400
Cynthia,Gray,cgray3y@theguardian.com,21,400
Johnny,Cooper,jcooper3z@cisco.com,26,400
Annie,Hall,ahall40@hexun.com,28,400
Jack,Mitchell,jmitchell41@businessweek.com,21,400
Jennifer,Smith,jsmith42@istockphoto.com,20,400
Ronald,Reid,rreid43@live.com,23,400
Robert,Willis,rwillis44@mlb.com,23,400
Helen,Boyd,hboyd45@ezinearticles.com,25,400
Julie,Wood,jwood46@mail.ru,23,400
Steven,Baker,sbaker47@photobucket.com,30,400
Melissa,Harris,mharris48@trellian.com,25,400
Tammy,Rivera,trivera49@eventbrite.com,25,400
Arthur,Watson,awatson4a@odnoklassniki.ru,26,400
Michael,Ellis,mellis4b@msu.edu,28,400
Brenda,Simmons,bsimmons4c@altervista.org,29,400
Larry,Fox,lfox4d@ca.gov,24,400
Phyllis,Ellis,pellis4e@histats.com,25,400
Scott,Brown,sbrown4f@marketwatch.com,30,400
Keith,Hayes,khayes4g@blogspot.com,27,400
Christina,Fowler,cfowler4h@reddit.com,20,400
Linda,Roberts,lroberts4i@cnbc.com,24,400
David,West,dwest4j@wikimedia.org,27,200
Ernest,Sullivan,esullivan4k@abc.net.au,21,200
Dorothy,Jenkins,djenkins4l@deviantart.com,27,200
Jason,Webb,jwebb4m@hibu.com,27,200
Nicholas,Freeman,nfreeman4n@google.ru,27,200
Amy,Moreno,amoreno4o@networkadvertising.org,30,200
Raymond,Rose,rrose4p@wordpress.com,27,200
Dorothy,Larson,dlarson4q@seattletimes.com,23,200
Anna,Ramirez,aramirez4r@spotify.com,24,200
Antonio,Murphy,amurphy4s@apple.com,28,300
Sean,Arnold,sarnold4t@liveinternet.ru,27,300
Jane,Boyd,jboyd4u@storify.com,26,300
Margaret,Harris,mharris4v@etsy.com,26,300
Ronald,Morales,rmorales4w@unesco.org,29,300
Kenneth,Dixon,kdixon4x@furl.net,21,300
Todd,Hunter,thunter4y@tripadvisor.com,28,300
Stephen,Simpson,ssimpson4z@miibeian.gov.cn,21,300
Betty,Sanchez,bsanchez50@yolasite.com,28,300
Howard,Peterson,hpeterson51@artisteer.com,22,300
Edward,Flores,eflores52@craigslist.org,24,300
Lisa,Powell,lpowell53@answers.com,25,300
Andrea,Richards,arichards54@plala.or.jp,21,300
Steve,Kelley,skelley55@angelfire.com,25,300
Jeffrey,Henderson,jhenderson56@oracle.com,21,200
Jerry,Gonzales,jgonzales57@bluehost.com,23,200
Kevin,Hill,khill58@guardian.co.uk,20,200
Stephen,Hayes,shayes59@amazon.co.uk,20,200
Lisa,Rodriguez,lrodriguez5a@unesco.org,24,200
Joan,Freeman,jfreeman5b@mashable.com,24,200
Amanda,Reyes,areyes5c@biblegateway.com,24,200
Ruby,Robinson,rrobinson5d@webmd.com,23,200
Frank,Brooks,fbrooks5e@hubpages.com,24,100
Keith,Alvarez,kalvarez5f@elpais.com,20,100
Arthur,King,aking5g@msn.com,22,100
Gary,Stanley,gstanley5h@prnewswire.com,23,100
Brandon,Porter,bporter5i@fotki.com,28,100
Walter,Ferguson,wferguson5j@163.com,24,100
Eugene,Carr,ecarr5k@drupal.org,22,100
Justin,Martinez,jmartinez5l@marriott.com,30,100
Virginia,Parker,vparker5m@msn.com,21,100
Rachel,Montgomery,rmontgomery5n@over-blog.com,24,100
Nicholas,Coleman,ncoleman5o@constantcontact.com,22,100
Sean,Gardner,sgardner5p@nsw.gov.au,26,100
Susan,Stephens,sstephens5q@sina.com.cn,26,100
Frank,Warren,fwarren5r@wp.com,24,100
Margaret,Harper,mharper5s@freewebs.com,26,100
Lillian,Reed,lreed5t@nasa.gov,22,100
Kelly,Davis,kdavis5u@shop-pro.jp,20,100
Steven,Mendoza,smendoza5v@wordpress.org,30,100
Daniel,Andrews,dandrews5w@homestead.com,22,100
Eugene,Flores,eflores5x@abc.net.au,30,100
Jerry,Lopez,jlopez5y@studiopress.com,20,100
Christine,Gordon,cgordon5z@wikimedia.org,20,100
Janice,Cooper,jcooper60@pinterest.com,24,100
Nicole,Adams,nadams61@naver.com,23,100
Jason,Graham,jgraham62@tamu.edu,20,100
Philip,Rose,prose63@lulu.com,27,100
Jonathan,Bryant,jbryant64@msn.com,25,100
Marilyn,Little,mlittle65@phpbb.com,21,100
Nicole,Garrett,ngarrett66@loc.gov,30,100
Diane,Gonzales,dgonzales67@yahoo.co.jp,27,100
William,Dixon,wdixon68@apple.com,26,100
Helen,Thompson,hthompson69@japanpost.jp,24,100
Irene,Sanders,isanders6a@networkadvertising.org,23,100
Jacqueline,Brooks,jbrooks6b@weebly.com,22,100
Tina,Butler,tbutler6c@prweb.com,21,100
Ernest,Miller,emiller6d@sourceforge.net,26,100
Russell,Reyes,rreyes6e@shareasale.com,23,100
Bonnie,Diaz,bdiaz6f@europa.eu,27,100
Kathy,Brooks,kbrooks6g@fotki.com,20,100
Phyllis,Adams,padams6h@zdnet.com,24,100
Harry,Flores,hflores6i@timesonline.co.uk,20,100
Alice,Hudson,ahudson6j@sciencedaily.com,24,100
Lois,Barnes,lbarnes6k@google.nl,21,100
Jason,Ward,jward6l@xinhuanet.com,25,100
Janice,Hanson,jhanson6m@parallels.com,27,100
Judith,Edwards,jedwards6n@t.co,28,100
Jennifer,Turner,jturner6o@army.mil,28,100
Daniel,Hamilton,dhamilton6p@dagondesign.com,23,100
Denise,Ortiz,dortiz6q@fastcompany.com,25,100
Kevin,Reynolds,kreynolds6r@forbes.com,27,100
Judy,Montgomery,jmontgomery6s@narod.ru,24,100
Randy,Walker,rwalker6t@angelfire.com,29,100
Jeremy,Cole,jcole6u@eventbrite.com,22,100
Doris,Shaw,dshaw6v@twitpic.com,23,100
Brian,Fuller,bfuller6w@amazonaws.com,29,100
Jose,Wells,jwells6x@reddit.com,25,100
Marilyn,Knight,mknight6y@cam.ac.uk,20,100
Jason,Ray,jray6z@seesaa.net,22,100
Terry,Warren,twarren70@nsw.gov.au,30,100
Marilyn,Gordon,mgordon71@disqus.com,28,100
Jennifer,Reed,jreed72@storify.com,27,100
Rose,White,rwhite73@nature.com,20,100
Joe,Bailey,jbailey74@answers.com,24,100
Steve,Meyer,smeyer75@yelp.com,29,100
Anne,Freeman,afreeman76@cloudflare.com,23,100
Evelyn,Edwards,eedwards77@imdb.com,21,100
Amanda,Black,ablack78@posterous.com,26,100
Clarence,Palmer,cpalmer79@google.cn,28,100
Rose,Garza,rgarza7a@alibaba.com,26,100
Harold,Gray,hgray7b@thetimes.co.uk,22,100
Brian,Welch,bwelch7c@engadget.com,24,100
Robert,Ford,rford7d@prweb.com,30,100
Lawrence,Wilson,lwilson7e@umn.edu,21,100
Jeffrey,Murray,jmurray7f@hibu.com,25,100
Jean,Harris,jharris7g@oracle.com,30,100
Debra,Foster,dfoster7h@studiopress.com,22,100
Gloria,Ryan,gryan7i@twitter.com,21,100
Jimmy,Reynolds,jreynolds7j@boston.com,20,100
Kevin,Black,kblack7k@gmpg.org,29,100
Terry,Fowler,tfowler7l@sphinn.com,25,100
Gerald,Jordan,gjordan7m@reuters.com,30,100
Shawn,Alexander,salexander7n@joomla.org,27,100
Michael,Cunningham,mcunningham7o@statcounter.com,27,100
Carolyn,Ford,cford7p@google.co.uk,27,100
Eric,Gutierrez,egutierrez7q@smh.com.au,30,100
Diana,Harper,dharper7r@toplist.cz,26,100
Daniel,Kennedy,dkennedy7s@auda.org.au,27,100
Jeremy,Fernandez,jfernandez7t@mlb.com,23,100
Chris,Murray,cmurray7u@scientificamerican.com,29,100
Patrick,Scott,pscott7v@tamu.edu,26,100
Samuel,Richards,srichards7w@flavors.me,25,100
Roy,Garza,rgarza7x@goo.ne.jp,28,100
Patricia,Wallace,pwallace7y@amazon.co.jp,29,100
Jesse,Pierce,jpierce7z@amazon.co.uk,24,100
Marie,Willis,mwillis80@abc.net.au,23,100
Joe,Lynch,jlynch81@hibu.com,29,100
Ashley,Snyder,asnyder82@illinois.edu,30,100
Craig,Wright,cwright83@php.net,29,100
Louis,Castillo,lcastillo84@mail.ru,29,100
Arthur,Young,ayoung85@boston.com,30,100
Linda,Greene,lgreene86@wp.com,24,100
Ernest,Wagner,ewagner87@nytimes.com,20,100
David,Rivera,drivera88@yellowpages.com,24,100
John,Carpenter,jcarpenter89@mediafire.com,22,100
Anna,Foster,afoster8a@ucoz.ru,20,100
Carlos,Sullivan,csullivan8b@sohu.com,27,100
Larry,Johnson,ljohnson8c@123-reg.co.uk,25,100
Willie,Sanders,wsanders8d@fc2.com,29,100
Joseph,Rodriguez,jrodriguez8e@si.edu,25,100
Steve,Davis,sdavis8f@phoca.cz,22,100
Jacqueline,Henderson,jhenderson8g@examiner.com,22,100
Jeffrey,Kim,jkim8h@java.com,22,100
Jane,Oliver,joliver8i@bizjournals.com,24,100
Mark,Moore,mmoore8j@forbes.com,25,100
Amanda,Matthews,amatthews8k@apache.org,20,100
Russell,Gomez,rgomez8l@home.pl,21,100
Howard,Turner,hturner8m@twitter.com,21,100
Martin,Mcdonald,mmcdonald8n@phoca.cz,29,100
Angela,Dixon,adixon8o@technorati.com,26,100
Gregory,Lewis,glewis8p@wix.com,26,100
Beverly,Payne,bpayne8q@admin.ch,21,100
Karen,Green,kgreen8r@posterous.com,30,100
Harold,Willis,hwillis8s@zimbio.com,23,100
Denise,Hernandez,dhernandez8t@hud.gov,24,100
Andrea,Watkins,awatkins8u@java.com,30,100
Roger,Warren,rwarren8v@yale.edu,25,100
Katherine,Harris,kharris8w@360.cn,29,100
Tina,Hunter,thunter8x@purevolume.com,22,100
David,Fox,dfox8y@mayoclinic.com,25,100
Brian,Wagner,bwagner8z@forbes.com,24,100
Theresa,Harvey,tharvey90@edublogs.org,25,100
Paul,Mason,pmason91@chron.com,29,100
Laura,Gomez,lgomez92@nature.com,24,100
Bobby,Austin,baustin93@squidoo.com,29,100
Brian,Weaver,bweaver94@nytimes.com,22,100
Samuel,Long,slong95@comsenz.com,21,100
Kathy,King,kking96@stumbleupon.com,29,100
Christina,Chavez,cchavez97@wikispaces.com,27,100
Kathleen,Riley,kriley98@time.com,21,100
Barbara,Hanson,bhanson99@comcast.net,24,100
Wanda,Peters,wpeters9a@addtoany.com,29,100
William,Rose,wrose9b@opera.com,28,100
Donna,Day,dday9c@bigcartel.com,29,100
Marilyn,Jones,mjones9d@reference.com,21,100
Antonio,Gardner,agardner9e@newyorker.com,22,100
Kathleen,Stone,kstone9f@goo.ne.jp,25,100
John,Gordon,jgordon9g@symantec.com,25,100
Aaron,Lawrence,alawrence9h@arstechnica.com,27,100
Brian,Russell,brussell9i@opensource.org,22,100
Alice,Powell,apowell9j@accuweather.com,25,100
Lillian,Rogers,lrogers9k@sitemeter.com,21,100
Betty,Alexander,balexander9l@bloomberg.com,25,100
Elizabeth,Dean,edean9m@youtube.com,20,100
Johnny,Wallace,jwallace9n@si.edu,28,100
Joyce,Burns,jburns9o@flavors.me,24,100
Margaret,Oliver,moliver9p@vistaprint.com,27,100
Lori,Wright,lwright9q@devhub.com,28,100
Jimmy,Simmons,jsimmons9r@epa.gov,20,100
Keith,Mason,kmason9s@nih.gov,30,100
Gregory,Perez,gperez9t@biglobe.ne.jp,23,100
Matthew,Grant,mgrant9u@sfgate.com,21,100
Ann,Garza,agarza9v@latimes.com,28,100
Dennis,Hall,dhall9w@google.com,21,100
Judith,Hudson,jhudson9x@cpanel.net,27,100
Jeffrey,Bennett,jbennett9y@scribd.com,28,100
Evelyn,Stanley,estanley9z@vinaora.com,23,100
Willie,Young,wyounga0@columbia.edu,23,100
Carl,Carroll,ccarrolla1@nasa.gov,20,100
Judy,Webb,jwebba2@blogtalkradio.com,26,100
Helen,Howell,hhowella3@deviantart.com,26,100
Keith,Graham,kgrahama4@wired.com,22,100
Evelyn,Jenkins,ejenkinsa5@addthis.com,24,100
Ruby,Holmes,rholmesa6@cnn.com,25,100
Michelle,Gomez,mgomeza7@cnet.com,26,100
James,Harrison,jharrisona8@de.vu,24,100
Julia,Hamilton,jhamiltona9@utexas.edu,20,100
Joe,Smith,jsmithaa@tripod.com,24,100
Shawn,Reyes,sreyesab@yandex.ru,24,100
Anna,Lee,aleeac@omniture.com,29,100
Terry,Fernandez,tfernandezad@rediff.com,26,100
Adam,Stevens,astevensae@prweb.com,23,100
Carol,Hansen,chansenaf@so-net.ne.jp,22,100
Anthony,Grant,agrantag@qq.com,21,100
Judith,Williamson,jwilliamsonah@pbs.org,23,100
Todd,Green,tgreenai@nsw.gov.au,22,100
Eugene,Gonzales,egonzalesaj@jiathis.com,28,100
Elizabeth,Gibson,egibsonak@shop-pro.jp,27,100
Kelly,Howard,khowardal@shutterfly.com,28,100
Louis,Harrison,lharrisonam@samsung.com,26,100
Michael,Ford,mfordan@princeton.edu,23,100
Ryan,Morales,rmoralesao@sphinn.com,23,100
Shirley,Banks,sbanksap@paypal.com,21,100
Lillian,Cunningham,lcunninghamaq@alexa.com,28,100
David,Johnston,djohnstonar@marriott.com,20,100
Jennifer,Palmer,jpalmeras@cyberchimps.com,24,100
Ernest,Mitchell,emitchellat@aboutads.info,30,100
Samuel,Ramos,sramosau@bloglovin.com,22,100
Larry,Griffin,lgriffinav@wordpress.org,29,100
Debra,Greene,dgreeneaw@pinterest.com,25,100
Martin,Brown,mbrownax@tinyurl.com,26,100
Antonio,Turner,aturneray@addthis.com,30,100
Beverly,Russell,brussellaz@nyu.edu,30,100
Irene,Bell,ibellb0@bing.com,29,100
Billy,Myers,bmyersb1@plala.or.jp,28,100
Roy,Jacobs,rjacobsb2@engadget.com,23,100
Louis,Alvarez,lalvarezb3@mapy.cz,20,100
Louise,Russell,lrussellb4@ameblo.jp,20,100
Jane,Snyder,jsnyderb5@clickbank.net,23,100
Katherine,Andrews,kandrewsb6@fotki.com,21,100
Kenneth,Johnson,kjohnsonb7@gizmodo.com,27,100
Brian,Anderson,bandersonb8@ameblo.jp,26,100
Ernest,Williamson,ewilliamsonb9@facebook.com,28,100
Justin,Freeman,jfreemanba@vinaora.com,27,100
Albert,Kim,akimbb@quantcast.com,26,100
Kevin,Webb,kwebbbc@is.gd,20,100
Willie,Washington,wwashingtonbd@wp.com,25,100
Karen,Berry,kberrybe@amazon.com,26,100
Donald,Gonzalez,dgonzalezbf@123-reg.co.uk,27,100
Cynthia,Perez,cperezbg@gravatar.com,23,100
Roger,Porter,rporterbh@apache.org,23,100
Kathleen,Stevens,kstevensbi@google.fr,27,100
Teresa,Ferguson,tfergusonbj@technorati.com,20,100
Annie,Wheeler,awheelerbk@mozilla.com,28,100
Justin,Gonzalez,jgonzalezbl@amazon.com,25,100
Norma,Clark,nclarkbm@go.com,28,100
Bobby,Elliott,belliottbn@tamu.edu,22,100
Patricia,Parker,pparkerbo@upenn.edu,23,100
Jonathan,Cooper,jcooperbp@nba.com,20,100
Martha,Olson,molsonbq@webs.com,26,100
Ruth,Howell,rhowellbr@tamu.edu,30,100
Amy,Mcdonald,amcdonaldbs@hhs.gov,29,100
George,Smith,gsmithbt@google.co.jp,21,100
Phillip,Price,ppricebu@jiathis.com,28,100
Steven,Stewart,sstewartbv@scientificamerican.com,24,100
Marilyn,Hamilton,mhamiltonbw@bing.com,29,100
Bonnie,Thompson,bthompsonbx@github.com,23,100
Norma,Mccoy,nmccoyby@tripod.com,23,100
Edward,Alvarez,ealvarezbz@wunderground.com,22,100
Brenda,Johnston,bjohnstonc0@ftc.gov,23,100
Maria,Gibson,mgibsonc1@latimes.com,24,100
Albert,Pierce,apiercec2@vimeo.com,24,100
Alan,Ramos,aramosc3@blinklist.com,22,100
Joshua,Black,jblackc4@bloomberg.com,23,100
Norma,Gomez,ngomezc5@scribd.com,28,100
Ruth,Morgan,rmorganc6@home.pl,30,100
Alice,Peterson,apetersonc7@hp.com,28,100
Wanda,Edwards,wedwardsc8@blog.com,29,100
Carl,Bradley,cbradleyc9@howstuffworks.com,21,100
Tammy,Hansen,thansenca@paypal.com,24,100
Jimmy,Gomez,jgomezcb@discuz.net,23,100
Jose,Robertson,jrobertsoncc@spotify.com,22,100
Roy,Davis,rdaviscd@jiathis.com,29,100
Steven,Stanley,sstanleyce@csmonitor.com,28,100
Denise,Mcdonald,dmcdonaldcf@geocities.jp,26,100
Willie,Smith,wsmithcg@apache.org,20,100
Clarence,Palmer,cpalmerch@alibaba.com,29,100
Charles,Reyes,creyesci@nationalgeographic.com,23,100
Andrew,Thomas,athomascj@fotki.com,27,100
Martin,Stevens,mstevensck@cnet.com,20,300
Bruce,Stewart,bstewartcl@tinyurl.com,26,300
Teresa,Perry,tperrycm@lycos.com,20,300
Judith,Mccoy,jmccoycn@fda.gov,22,300
Phyllis,Edwards,pedwardsco@walmart.com,26,300
Donna,Walker,dwalkercp@nhs.uk,25,300
Doris,Carpenter,dcarpentercq@guardian.co.uk,24,300
Andrew,Riley,arileycr@ebay.co.uk,27,300
Steve,Nelson,snelsoncs@e-recht24.de,25,300
Wanda,Carroll,wcarrollct@soup.io,27,300
Daniel,Rivera,driveracu@bing.com,24,300
Stephen,Myers,smyerscv@i2i.jp,21,300
Antonio,Jordan,ajordancw@miibeian.gov.cn,24,300
Phyllis,Lee,pleecx@ustream.tv,23,300
Susan,Mendoza,smendozacy@shutterfly.com,29,300
Rebecca,Reynolds,rreynoldscz@sciencedirect.com,21,300
Ann,Coleman,acolemand0@taobao.com,27,300
Steve,Chavez,schavezd1@latimes.com,27,300
Howard,Perry,hperryd2@cdbaby.com,22,300
Dennis,Walker,dwalkerd3@cdc.gov,27,300
Debra,Roberts,drobertsd4@printfriendly.com,23,300
Kimberly,Roberts,krobertsd5@cbc.ca,30,300
Juan,Ray,jrayd6@elpais.com,21,300
Jeremy,Palmer,jpalmerd7@about.com,28,300
Patricia,Cunningham,pcunninghamd8@joomla.org,23,300
Mary,Arnold,marnoldd9@fema.gov,25,300
Theresa,Harper,tharperda@unblog.fr,21,300
Harold,Garza,hgarzadb@goo.ne.jp,22,300
Randy,Gonzalez,rgonzalezdc@trellian.com,24,300
Janice,Knight,jknightdd@1und1.de,28,300
Harry,Sims,hsimsde@tuttocitta.it,22,300
Catherine,Harrison,charrisondf@naver.com,27,300
Fred,Watkins,fwatkinsdg@nifty.com,21,300
Harold,Ross,hrossdh@hhs.gov,20,300
Amanda,Hunt,ahuntdi@vk.com,22,300
Sarah,Martinez,smartinezdj@behance.net,24,300
Chris,Porter,cporterdk@cafepress.com,23,300
Thomas,Ellis,tellisdl@nba.com,30,300
Tammy,Schmidt,tschmidtdm@xinhuanet.com,28,300
Joan,Ray,jraydn@irs.gov,20,300
Johnny,Perez,jperezdo@yahoo.co.jp,22,200
Patricia,Cook,pcookdp@google.com.br,21,200
John,Payne,jpaynedq@rediff.com,27,200
David,Morgan,dmorgandr@google.pl,22,200
Craig,Weaver,cweaverds@wikipedia.org,22,200
Mark,Gonzalez,mgonzalezdt@senate.gov,24,200
Lisa,Dunn,ldunndu@walmart.com,25,200
Donald,Arnold,darnolddv@tinypic.com,24,200
Denise,Nelson,dnelsondw@desdev.cn,26,200
Randy,Willis,rwillisdx@topsy.com,21,200
Patricia,Brown,pbrowndy@wikispaces.com,20,200
Adam,Cunningham,acunninghamdz@sitemeter.com,26,200
Albert,Chavez,achaveze0@jiathis.com,23,200
Melissa,Baker,mbakere1@dion.ne.jp,21,200
Terry,Flores,tflorese2@rambler.ru,24,200
Lillian,Hunter,lhuntere3@salon.com,30,200
Jason,Powell,jpowelle4@ft.com,25,200
Annie,Scott,ascotte5@earthlink.net,24,200
Barbara,White,bwhitee6@constantcontact.com,26,200
Earl,Hill,ehille7@zdnet.com,23,200
Donald,Hernandez,dhernandeze8@eepurl.com,26,200
Stephanie,Morrison,smorrisone9@china.com.cn,22,200
William,Ray,wrayea@biblegateway.com,20,200
Kevin,Cruz,kcruzeb@g.co,23,200
Cynthia,Green,cgreenec@cdc.gov,24,200
Heather,Reid,hreided@uiuc.edu,26,200
Rebecca,Snyder,rsnyderee@techcrunch.com,23,200
Judith,Lane,jlaneef@army.mil,26,200
Eugene,Gardner,egardnereg@google.de,26,200
Christopher,Smith,csmitheh@gnu.org,25,200
Debra,Schmidt,dschmidtei@deliciousdays.com,23,200
Ruby,Armstrong,rarmstrongej@jigsy.com,29,200
Christine,Murray,cmurrayek@princeton.edu,25,200
Carl,Wheeler,cwheelerel@g.co,24,200
Philip,Tucker,ptuckerem@dell.com,27,200
Andrew,Cruz,acruzen@harvard.edu,28,200
Judith,Nguyen,jnguyeneo@usnews.com,28,200
Beverly,Brown,bbrownep@sciencedirect.com,24,200
Ruby,Reynolds,rreynoldseq@facebook.com,23,200
Martin,Shaw,mshawer@squarespace.com,30,200
Louis,Jacobs,ljacobses@bandcamp.com,26,200
Roy,Hunter,rhunteret@cdbaby.com,20,200
Dorothy,Adams,dadamseu@mail.ru,23,200
Louise,Griffin,lgriffinev@istockphoto.com,30,200
Sarah,Burke,sburkeew@hud.gov,23,200
Nicole,Crawford,ncrawfordex@blogs.com,22,200
Diane,Moreno,dmorenoey@blogtalkradio.com,24,200
Clarence,Alexander,calexanderez@skype.com,22,200
Marie,Gonzales,mgonzalesf0@reference.com,22,200
Catherine,Campbell,ccampbellf1@stanford.edu,20,200
Ernest,Jones,ejonesf2@comcast.net,28,200
Jimmy,Tucker,jtuckerf3@weebly.com,22,200
Melissa,Robertson,mrobertsonf4@chicagotribune.com,22,200
Kathleen,Willis,kwillisf5@etsy.com,24,200
Carolyn,Medina,cmedinaf6@i2i.jp,22,200
Lillian,James,ljamesf7@cocolog-nifty.com,21,200
Angela,Payne,apaynef8@macromedia.com,29,200
Christina,Evans,cevansf9@drupal.org,22,200
Alice,Stanley,astanleyfa@icio.us,25,200
Eugene,Flores,efloresfb@rambler.ru,30,200
Catherine,Alvarez,calvarezfc@qq.com,21,200
Jonathan,Arnold,jarnoldfd@rambler.ru,25,200
Nancy,Boyd,nboydfe@g.co,20,200
Kathy,Sanders,ksandersff@moonfruit.com,27,200
Jacqueline,Powell,jpowellfg@github.io,27,200
Julie,Murray,jmurrayfh@cafepress.com,21,200
Jose,Harvey,jharveyfi@zimbio.com,26,200
Patrick,Reed,preedfj@mit.edu,21,200
Lillian,Flores,lfloresfk@goodreads.com,22,200
Catherine,Reyes,creyesfl@google.co.jp,20,200
Kelly,Carroll,kcarrollfm@hatena.ne.jp,22,200
Katherine,Lynch,klynchfn@histats.com,29,200
Mildred,Mitchell,mmitchellfo@sitemeter.com,26,200
Jacqueline,Vasquez,jvasquezfp@mysql.com,28,200
Angela,Reid,areidfq@pagesperso-orange.fr,27,200
Ashley,Hudson,ahudsonfr@statcounter.com,23,200
Donna,Coleman,dcolemanfs@wikispaces.com,24,200
Albert,Hudson,ahudsonft@washington.edu,20,200
Pamela,Grant,pgrantfu@nyu.edu,27,200
Rebecca,Thomas,rthomasfv@telegraph.co.uk,24,200
Catherine,Cunningham,ccunninghamfw@weebly.com,27,200
Clarence,Gordon,cgordonfx@businesswire.com,29,200
Jerry,Carpenter,jcarpenterfy@examiner.com,29,200
Jean,Fields,jfieldsfz@canalblog.com,20,200
Joan,Ray,jrayg0@upenn.edu,26,200
Juan,Medina,jmedinag1@google.fr,30,200
Sarah,Black,sblackg2@ebay.com,21,200
Gregory,Kelley,gkelleyg3@php.net,29,200
Sarah,Ramirez,sramirezg4@prlog.org,20,200
Henry,Burns,hburnsg5@amazonaws.com,22,200
Mary,Moore,mmooreg6@hostgator.com,30,200
Cynthia,Vasquez,cvasquezg7@msu.edu,29,200
Jose,Morrison,jmorrisong8@dion.ne.jp,22,200
Kathryn,Thomas,kthomasg9@upenn.edu,29,200
Douglas,Hayes,dhayesga@blogger.com,28,200
Virginia,Chavez,vchavezgb@samsung.com,26,200
Antonio,Perry,aperrygc@simplemachines.org,20,200
Angela,Warren,awarrengd@wiley.com,22,200
Kathryn,Mccoy,kmccoyge@disqus.com,23,200
Gerald,Payne,gpaynegf@dropbox.com,29,200
Gerald,Kelley,gkelleygg@taobao.com,30,200
Virginia,Burke,vburkegh@hud.gov,30,200
Juan,Wagner,jwagnergi@usnews.com,24,200
David,Wagner,dwagnergj@aboutads.info,21,300
Carlos,Jacobs,cjacobsgk@etsy.com,27,300
Ernest,Ross,erossgl@simplemachines.org,26,300
Beverly,Stephens,bstephensgm@clickbank.net,25,300
Benjamin,Hanson,bhansongn@cam.ac.uk,28,300
Jesse,Harper,jharpergo@altervista.org,20,300
William,Robinson,wrobinsongp@360.cn,30,300
Steven,Burns,sburnsgq@harvard.edu,24,300
Charles,West,cwestgr@google.com.br,21,300
Christine,Lane,clanegs@craigslist.org,26,300
James,Knight,jknightgt@mozilla.com,21,300
Carolyn,Richards,crichardsgu@dion.ne.jp,20,300
Wayne,Stanley,wstanleygv@thetimes.co.uk,27,300
Randy,Fuller,rfullergw@blogtalkradio.com,30,300
Matthew,Stephens,mstephensgx@indiatimes.com,20,300
Adam,Rogers,arogersgy@thetimes.co.uk,28,300
Julia,Cole,jcolegz@about.me,20,300
Jesse,Larson,jlarsonh0@rambler.ru,27,300
Sandra,Hughes,shughesh1@mtv.com,27,300
Michael,Warren,mwarrenh2@mayoclinic.com,24,300
Ann,Day,adayh3@wikimedia.org,29,300
Gloria,Morgan,gmorganh4@t.co,22,300
Carlos,Mason,cmasonh5@sitemeter.com,22,300
Barbara,Davis,bdavish6@vkontakte.ru,26,300
Willie,Jenkins,wjenkinsh7@blogger.com,22,300
Ryan,Tucker,rtuckerh8@tripadvisor.com,20,300
Juan,Riley,jrileyh9@example.com,29,300
Aaron,Romero,aromeroha@photobucket.com,29,300
Janet,Baker,jbakerhb@digg.com,26,300
Ruby,Mccoy,rmccoyhc@cbslocal.com,20,300
Janet,Crawford,jcrawfordhd@myspace.com,22,300
Fred,Ward,fwardhe@ox.ac.uk,22,300
Theresa,Powell,tpowellhf@quantcast.com,25,300
Adam,Sanders,asandershg@columbia.edu,30,300
Victor,James,vjameshh@tuttocitta.it,27,300
Justin,Sims,jsimshi@ucoz.com,26,300
Steve,Garrett,sgarretthj@patch.com,27,300
William,Ross,wrosshk@exblog.jp,24,300
Frank,Hawkins,fhawkinshl@jimdo.com,24,300
Scott,Myers,smyershm@pagesperso-orange.fr,27,300
Denise,Wheeler,dwheelerhn@comsenz.com,25,300
Brenda,Reed,breedho@istockphoto.com,24,300
Lori,Collins,lcollinshp@typepad.com,22,300
Randy,Crawford,rcrawfordhq@deviantart.com,22,300
Sean,Nichols,snicholshr@mac.com,28,300
Alice,Mccoy,amccoyhs@bbb.org,24,300
Carol,Long,clonght@cornell.edu,25,300
Ruby,Burton,rburtonhu@ameblo.jp,28,300
Wanda,Carter,wcarterhv@nydailynews.com,29,300
Emily,Ford,efordhw@umich.edu,28,300
Brandon,Grant,bgranthx@example.com,24,300
Todd,Gonzalez,tgonzalezhy@virginia.edu,25,300
Carl,Nelson,cnelsonhz@so-net.ne.jp,28,100
Bruce,Brown,bbrowni0@vinaora.com,28,100
Jean,Morgan,jmorgani1@census.gov,30,100
Matthew,Knight,mknighti2@dropbox.com,24,100
Eugene,Ortiz,eortizi3@list-manage.com,29,100
Kathleen,Wright,kwrighti4@mail.ru,23,100
Louise,Hawkins,lhawkinsi5@fastcompany.com,22,100
Sandra,Holmes,sholmesi6@etsy.com,21,100
Louis,Armstrong,larmstrongi7@miitbeian.gov.cn,25,100
Russell,Jackson,rjacksoni8@cisco.com,22,100
James,Frazier,jfrazieri9@last.fm,29,100
Frances,Howard,fhowardia@opera.com,30,100
Denise,Hansen,dhansenib@fotki.com,24,100
John,Murray,jmurrayic@soundcloud.com,25,100
Diana,Sanchez,dsanchezid@soundcloud.com,25,100
Margaret,Arnold,marnoldie@uol.com.br,28,100
Julia,Armstrong,jarmstrongif@java.com,24,100
Thomas,Johnston,tjohnstonig@ezinearticles.com,23,100
Chris,Armstrong,carmstrongih@cocolog-nifty.com,28,100
Amanda,Andrews,aandrewsii@exblog.jp,26,100
Harry,Martin,hmartinij@arstechnica.com,23,100
Tina,Garrett,tgarrettik@networksolutions.com,30,100
Diane,Murphy,dmurphyil@homestead.com,21,100
Anna,Dean,adeanim@ox.ac.uk,28,100
Jose,Bishop,jbishopin@bandcamp.com,24,100
Phyllis,Gray,pgrayio@facebook.com,25,100
Paul,Garcia,pgarciaip@ifeng.com,26,100
Diane,Morris,dmorrisiq@bigcartel.com,26,100
Kimberly,Barnes,kbarnesir@newsvine.com,23,100
Adam,Brooks,abrooksis@loc.gov,26,100
Philip,Hall,phallit@bbb.org,23,100
Johnny,Mills,jmillsiu@friendfeed.com,23,100
Stephanie,Harrison,sharrisoniv@nasa.gov,22,100
Gregory,Fox,gfoxiw@whitehouse.gov,21,100
Katherine,Mitchell,kmitchellix@friendfeed.com,25,100
Frances,Ferguson,ffergusoniy@wsj.com,28,100
Patricia,Clark,pclarkiz@artisteer.com,29,100
Douglas,Lee,dleej0@marriott.com,24,100
Martha,Hunt,mhuntj1@cornell.edu,20,100
Brian,Collins,bcollinsj2@woothemes.com,29,100
Gary,Palmer,gpalmerj3@java.com,29,100
Evelyn,Fuller,efullerj4@geocities.jp,26,100
Patricia,Mendoza,pmendozaj5@a8.net,29,100
Ryan,Knight,rknightj6@umn.edu,28,100
Justin,George,jgeorgej7@netlog.com,26,100
Nicholas,Dixon,ndixonj8@github.io,25,100
Alice,Hart,ahartj9@vk.com,22,100
Michael,Reid,mreidja@nba.com,20,100
Roger,Wallace,rwallacejb@tiny.cc,24,100
Patrick,Patterson,ppattersonjc@rediff.com,26,100
Tammy,Ellis,tellisjd@illinois.edu,22,100
Jack,Long,jlongje@cmu.edu,23,100
Chris,Harris,charrisjf@hugedomains.com,21,100
Margaret,Ross,mrossjg@plala.or.jp,27,100
Mildred,Franklin,mfranklinjh@google.com,26,100
Eugene,Tucker,etuckerji@behance.net,23,100
David,Hernandez,dhernandezjj@uol.com.br,22,100
Nicholas,Myers,nmyersjk@so-net.ne.jp,24,100
Shawn,Gomez,sgomezjl@hubpages.com,22,100
Paula,Nelson,pnelsonjm@theglobeandmail.com,26,100
Raymond,Gordon,rgordonjn@tumblr.com,25,100
Sean,Simmons,ssimmonsjo@squarespace.com,22,100
Christina,Morris,cmorrisjp@so-net.ne.jp,20,200
Carlos,Turner,cturnerjq@amazon.com,24,200
Judy,Scott,jscottjr@toplist.cz,24,200
Louise,Tucker,ltuckerjs@ow.ly,29,200
Billy,Henry,bhenryjt@exblog.jp,21,200
Willie,Tucker,wtuckerju@bbc.co.uk,25,200
Norma,Gray,ngrayjv@yellowpages.com,26,200
Debra,Phillips,dphillipsjw@alexa.com,20,200
Rachel,Carter,rcarterjx@oracle.com,22,200
Kathryn,Arnold,karnoldjy@seattletimes.com,25,200
Willie,Carpenter,wcarpenterjz@soundcloud.com,26,200
Tina,Daniels,tdanielsk0@g.co,21,200
Paula,James,pjamesk1@google.ru,20,200
Christina,Scott,cscottk2@reddit.com,26,200
Nicole,Fisher,nfisherk3@skyrock.com,23,200
Mary,Washington,mwashingtonk4@unesco.org,26,200
Mark,Frazier,mfrazierk5@macromedia.com,27,200
Barbara,Nguyen,bnguyenk6@flickr.com,25,200
Frances,Garza,fgarzak7@meetup.com,24,200
Cheryl,Gordon,cgordonk8@issuu.com,25,200
Johnny,Rose,jrosek9@fda.gov,29,200
Alan,Fernandez,afernandezka@amazon.com,29,200
Evelyn,Howell,ehowellkb@nih.gov,29,200
George,Stephens,gstephenskc@networksolutions.com,29,200
Philip,Davis,pdaviskd@soup.io,30,200
Ernest,Reed,ereedke@army.mil,27,200
Chris,Richardson,crichardsonkf@mysql.com,26,200
Wanda,Perkins,wperkinskg@cbsnews.com,20,200
Andrew,Alvarez,aalvarezkh@altervista.org,23,200
Bobby,Matthews,bmatthewski@mlb.com,24,200
Samuel,Thompson,sthompsonkj@gizmodo.com,22,200
Diane,Perez,dperezkk@ucsd.edu,22,200
Phillip,Williamson,pwilliamsonkl@washington.edu,21,200
Denise,Gardner,dgardnerkm@devhub.com,30,200
Betty,Griffin,bgriffinkn@newsvine.com,27,200
Brenda,Campbell,bcampbellko@yellowpages.com,23,200
Bobby,Jordan,bjordankp@paypal.com,22,200
David,Murphy,dmurphykq@cisco.com,26,200
Jack,Crawford,jcrawfordkr@dailymotion.com,22,200
Rachel,Austin,raustinks@examiner.com,24,200
Linda,Griffin,lgriffinkt@infoseek.co.jp,28,200
Ryan,Shaw,rshawku@epa.gov,25,200
Heather,Pierce,hpiercekv@wordpress.com,30,200
Lois,Phillips,lphillipskw@sciencedirect.com,27,200
John,Burton,jburtonkx@baidu.com,24,200
Nicholas,Thomas,nthomasky@xing.com,29,200
Scott,Murray,smurraykz@opera.com,21,200
Todd,Gomez,tgomezl0@prlog.org,23,200
Steven,Alvarez,salvarezl1@example.com,22,200
Dorothy,Jacobs,djacobsl2@hhs.gov,23,200
Roger,Foster,rfosterl3@stanford.edu,21,200
Laura,Morrison,lmorrisonl4@time.com,23,200
Carolyn,Hamilton,chamiltonl5@photobucket.com,26,200
Katherine,Mills,kmillsl6@comcast.net,27,200
Daniel,Moore,dmoorel7@soundcloud.com,26,200
Anne,Wallace,awallacel8@home.pl,26,200
Stephen,Woods,swoodsl9@360.cn,27,200
Joan,Fields,jfieldsla@umich.edu,24,200
Fred,Griffin,fgriffinlb@joomla.org,22,200
Earl,Dunn,edunnlc@dmoz.org,27,200
Carlos,Reid,creidld@phoca.cz,30,200
Kimberly,Clark,kclarkle@booking.com,20,200
Samuel,Jordan,sjordanlf@fastcompany.com,30,200
Victor,Stewart,vstewartlg@stumbleupon.com,20,200
Doris,Riley,drileylh@shutterfly.com,24,200
Donald,Campbell,dcampbellli@devhub.com,21,200
Martin,Greene,mgreenelj@alexa.com,21,200
Mary,Cooper,mcooperlk@skyrock.com,27,200
Wayne,Harvey,wharveyll@cnn.com,23,200
Doris,Nelson,dnelsonlm@xrea.com,29,200
Rachel,Payne,rpayneln@cdc.gov,22,200
Rachel,Howard,rhowardlo@list-manage.com,25,200
Joe,Romero,jromerolp@dell.com,24,200
Eugene,Warren,ewarrenlq@google.pl,23,200
Irene,Garcia,igarcialr@weibo.com,28,200
Lois,Alvarez,lalvarezls@biglobe.ne.jp,24,200
Laura,Carr,lcarrlt@prnewswire.com,29,200
Kathy,Owens,kowenslu@51.la,26,200
Larry,Mccoy,lmccoylv@examiner.com,30,200
Diane,Ray,draylw@tinypic.com,20,200
Lisa,Jackson,ljacksonlx@salon.com,25,200
Diana,Hudson,dhudsonly@themeforest.net,24,200
Lori,Moore,lmoorelz@purevolume.com,27,200
Ruth,Howell,rhowellm0@woothemes.com,23,200
Anne,Sullivan,asullivanm1@odnoklassniki.ru,28,200
Daniel,Black,dblackm2@squarespace.com,28,200
Paula,Morrison,pmorrisonm3@pcworld.com,23,200
Jack,Snyder,jsnyderm4@prweb.com,27,200
Jason,Fowler,jfowlerm5@canalblog.com,23,200
Billy,Hall,bhallm6@ft.com,21,200
Anne,Watson,awatsonm7@ehow.com,25,200
Gregory,Burke,gburkem8@ihg.com,21,200
Clarence,Hicks,chicksm9@deviantart.com,24,200
Marie,Romero,mromeroma@networksolutions.com,28,200
Karen,James,kjamesmb@wikipedia.org,24,200
Wayne,Perez,wperezmc@wired.com,20,200
Deborah,Hawkins,dhawkinsmd@tiny.cc,29,200
Ernest,Smith,esmithme@vistaprint.com,29,200
Bruce,Sanchez,bsanchezmf@constantcontact.com,27,200
Amy,Wilson,awilsonmg@multiply.com,22,200
Teresa,Johnston,tjohnstonmh@shinystat.com,26,200
Anne,Wheeler,awheelermi@jimdo.com,27,200
Irene,Powell,ipowellmj@meetup.com,30,200
Ruby,Howard,rhowardmk@a8.net,27,200
Alan,Chapman,achapmanml@tinyurl.com,25,200
Kathryn,Brooks,kbrooksmm@sphinn.com,26,200
Angela,Burton,aburtonmn@forbes.com,30,200
Nicholas,Butler,nbutlermo@people.com.cn,26,200
Debra,Brooks,dbrooksmp@icq.com,28,200
Sean,Adams,sadamsmq@simplemachines.org,29,200
Thomas,Powell,tpowellmr@mashable.com,29,200
Deborah,Diaz,ddiazms@4shared.com,28,200
Barbara,Owens,bowensmt@prnewswire.com,20,200
Dennis,Allen,dallenmu@pbs.org,21,200
Richard,Palmer,rpalmermv@edublogs.org,30,200
Samuel,Hayes,shayesmw@uiuc.edu,22,200
Kenneth,Ford,kfordmx@noaa.gov,21,200
Scott,Evans,sevansmy@smh.com.au,29,200
Jane,Simpson,jsimpsonmz@statcounter.com,21,200
Martha,Wright,mwrightn0@sciencedirect.com,30,200
Melissa,Cooper,mcoopern1@csmonitor.com,20,200
Elizabeth,Lewis,elewisn2@house.gov,28,200
Todd,Vasquez,tvasquezn3@about.com,24,200
Julie,Carpenter,jcarpentern4@npr.org,26,200
Tammy,Gordon,tgordonn5@umn.edu,22,200
Todd,Bradley,tbradleyn6@tumblr.com,28,200
Joe,Ellis,jellisn7@java.com,30,200
Keith,Hawkins,khawkinsn8@123-reg.co.uk,29,200
Tina,James,tjamesn9@spotify.com,24,200
Lois,Woods,lwoodsna@china.com.cn,27,200
Jesse,Boyd,jboydnb@hp.com,27,200
Philip,Gutierrez,pgutierreznc@webeden.co.uk,21,200
Matthew,Carter,mcarternd@ft.com,24,200
Raymond,Kelley,rkelleyne@sakura.ne.jp,30,200
William,Hansen,whansennf@hugedomains.com,22,200
Jennifer,Rogers,jrogersng@weather.com,26,200
Earl,Adams,eadamsnh@tumblr.com,24,200
Steven,Bishop,sbishopni@wikipedia.org,24,200
Harold,Phillips,hphillipsnj@un.org,28,200
Samuel,Torres,storresnk@wsj.com,22,200
Melissa,Burton,mburtonnl@pagesperso-orange.fr,28,200
Terry,Little,tlittlenm@posterous.com,21,200
Willie,Riley,wrileynn@nymag.com,25,200
Melissa,Wilson,mwilsonno@nih.gov,25,200
Sarah,Schmidt,sschmidtnp@over-blog.com,23,200
Wanda,Henry,whenrynq@vistaprint.com,25,200
Alice,Gonzalez,agonzaleznr@salon.com,23,200
Kathy,Edwards,kedwardsns@home.pl,24,200
Carol,Martin,cmartinnt@ameblo.jp,22,200
Jimmy,Johnston,jjohnstonnu@lycos.com,25,200
Ashley,Wallace,awallacenv@sciencedirect.com,26,200
Irene,Morales,imoralesnw@oaic.gov.au,24,200
Larry,Hughes,lhughesnx@epa.gov,29,200
Joyce,Henderson,jhendersonny@twitpic.com,21,200
Cynthia,Morris,cmorrisnz@clickbank.net,29,200
Larry,Hill,lhillo0@gizmodo.com,24,200
Walter,Sullivan,wsullivano1@indiatimes.com,20,200
Martha,Romero,mromeroo2@acquirethisname.com,23,200
Juan,Hughes,jhugheso3@ehow.com,30,200
Nicholas,Pierce,npierceo4@symantec.com,22,200
Antonio,Rivera,ariverao5@hostgator.com,27,200
Jessica,Nichols,jnicholso6@gizmodo.com,26,200
Juan,Ferguson,jfergusono7@cloudflare.com,30,200
Ashley,Martinez,amartinezo8@clickbank.net,30,200
Lillian,Alvarez,lalvarezo9@illinois.edu,29,200
Kathryn,Bell,kbelloa@reference.com,25,200
Kenneth,Ruiz,kruizob@virginia.edu,29,200
Irene,Miller,imilleroc@alexa.com,27,200
Anne,Olson,aolsonod@examiner.com,29,200
Doris,Bryant,dbryantoe@illinois.edu,28,200
Eric,Parker,eparkerof@indiatimes.com,26,200
Jesse,Wallace,jwallaceog@who.int,22,200
Daniel,Black,dblackoh@ebay.co.uk,23,200
Ralph,Owens,rowensoi@nbcnews.com,30,200
Joyce,Bowman,jbowmanoj@va.gov,28,200
Roger,Webb,rwebbok@tinypic.com,30,200
Howard,Wilson,hwilsonol@flavors.me,25,300
Heather,Henry,hhenryom@senate.gov,21,300
Betty,Gonzalez,bgonzalezon@springer.com,24,300
Sharon,Montgomery,smontgomeryoo@taobao.com,20,300
Kathryn,Lopez,klopezop@nifty.com,20,300
Kenneth,Sanchez,ksanchezoq@dyndns.org,21,300
Jason,James,jjamesor@nbcnews.com,23,300
Brenda,Thompson,bthompsonos@amazon.de,30,300
Benjamin,Adams,badamsot@netvibes.com,29,300
Scott,Jenkins,sjenkinsou@networksolutions.com,21,300
Joe,Pierce,jpierceov@sphinn.com,28,300
Brandon,Stevens,bstevensow@stanford.edu,27,300
Christine,Rodriguez,crodriguezox@xrea.com,26,300
Diana,Hernandez,dhernandezoy@gov.uk,30,300
Helen,Black,hblackoz@weebly.com,26,300
Raymond,Green,rgreenp0@yolasite.com,22,300
Donald,Robertson,drobertsonp1@seattletimes.com,25,300
Alice,Garcia,agarciap2@usnews.com,29,300
Jimmy,Price,jpricep3@360.cn,28,300
Brandon,Moreno,bmorenop4@reference.com,20,300
William,Stevens,wstevensp5@bizjournals.com,25,300
Jeremy,Harvey,jharveyp6@java.com,23,300
Chris,Holmes,cholmesp7@upenn.edu,23,300
Douglas,Larson,dlarsonp8@pcworld.com,22,300
Jack,Reyes,jreyesp9@europa.eu,22,300
Bonnie,Wells,bwellspa@storify.com,26,300
Charles,Dixon,cdixonpb@jugem.jp,28,300
Paula,Carroll,pcarrollpc@constantcontact.com,28,300
Harold,Snyder,hsnyderpd@amazon.com,20,300
Roger,Ramirez,rramirezpe@wordpress.org,24,300
Timothy,Davis,tdavispf@t.co,25,300
Wanda,Gutierrez,wgutierrezpg@domainmarket.com,20,300
Michelle,Chapman,mchapmanph@discuz.net,21,300
Philip,Hamilton,phamiltonpi@ask.com,30,300
George,Bailey,gbaileypj@hostgator.com,30,300
Rachel,Duncan,rduncanpk@usatoday.com,21,300
Kathy,Adams,kadamspl@sun.com,25,300
Matthew,Kelley,mkelleypm@123-reg.co.uk,28,300
Ernest,Burke,eburkepn@yelp.com,30,300
Betty,Barnes,bbarnespo@dagondesign.com,30,300
Dorothy,Ramirez,dramirezpp@friendfeed.com,28,300
Daniel,Kim,dkimpq@umich.edu,30,400
Chris,Bennett,cbennettpr@state.gov,20,400
Helen,Price,hpriceps@wikipedia.org,27,400
Jesse,Jackson,jjacksonpt@soup.io,28,400
Judy,White,jwhitepu@facebook.com,29,400
Jacqueline,Martinez,jmartinezpv@weibo.com,26,400
Lori,Perry,lperrypw@tamu.edu,29,400
Walter,Burke,wburkepx@census.gov,28,400
Kathryn,Montgomery,kmontgomerypy@engadget.com,21,400
Carl,Stone,cstonepz@cdc.gov,24,400
Irene,Sims,isimsq0@sciencedirect.com,25,400
Beverly,Alexander,balexanderq1@blog.com,25,400
Thomas,Dixon,tdixonq2@nytimes.com,22,400
Paula,Harris,pharrisq3@about.me,22,400
Wayne,James,wjamesq4@youtu.be,24,400
Jerry,Scott,jscottq5@exblog.jp,21,400
Douglas,Adams,dadamsq6@noaa.gov,30,400
Thomas,Johnson,tjohnsonq7@mit.edu,22,400
Johnny,Hughes,jhughesq8@symantec.com,30,400
Janet,Stewart,jstewartq9@cpanel.net,24,400
Bobby,Cooper,bcooperqa@surveymonkey.com,21,400
Margaret,Ray,mrayqb@over-blog.com,23,400
Matthew,Matthews,mmatthewsqc@yelp.com,25,400
Jimmy,Cooper,jcooperqd@hao123.com,29,400
Kimberly,Torres,ktorresqe@plala.or.jp,23,400
Kelly,Wheeler,kwheelerqf@nih.gov,29,400
Howard,Nelson,hnelsonqg@slate.com,29,400
Marie,Sullivan,msullivanqh@ucsd.edu,26,400
Joan,Scott,jscottqi@friendfeed.com,20,400
Rachel,Andrews,randrewsqj@squidoo.com,26,400
Laura,Ray,lrayqk@liveinternet.ru,27,400
Jeremy,Carpenter,jcarpenterql@sourceforge.net,27,400
Jason,Hicks,jhicksqm@nyu.edu,20,400
Phyllis,Larson,plarsonqn@people.com.cn,24,400
Heather,Bailey,hbaileyqo@yellowbook.com,30,400
Juan,Parker,jparkerqp@google.ru,30,400
Scott,Fowler,sfowlerqq@reddit.com,27,400
Heather,Campbell,hcampbellqr@mlb.com,23,400
Aaron,Gomez,agomezqs@nih.gov,22,400
Christopher,Stanley,cstanleyqt@accuweather.com,22,400
Frances,Carroll,fcarrollqu@purevolume.com,20,400
Kenneth,Lane,klaneqv@utexas.edu,25,400
Chris,Woods,cwoodsqw@opensource.org,24,400
Norma,Campbell,ncampbellqx@netvibes.com,24,400
Ralph,Clark,rclarkqy@unc.edu,27,400
Frank,Simpson,fsimpsonqz@mlb.com,24,400
Denise,Peters,dpetersr0@live.com,27,400
Catherine,Mason,cmasonr1@adobe.com,26,400
Susan,Holmes,sholmesr2@jugem.jp,29,400
Kenneth,Bradley,kbradleyr3@army.mil,21,400
Jerry,Little,jlittler4@infoseek.co.jp,22,400
Jennifer,Burns,jburnsr5@de.vu,29,400
Jeffrey,Gibson,jgibsonr6@issuu.com,29,400
Carolyn,Garrett,cgarrettr7@4shared.com,21,400
Donna,Reid,dreidr8@clickbank.net,28,400
Sara,Berry,sberryr9@webmd.com,23,400
Larry,Bryant,lbryantra@reddit.com,23,400
Thomas,Moreno,tmorenorb@patch.com,21,400
Ronald,Cole,rcolerc@dell.com,22,400
Kelly,Flores,kfloresrd@nba.com,28,400
Shawn,Fernandez,sfernandezre@ameblo.jp,28,400
Todd,Burton,tburtonrf@addtoany.com,26,400
Marie,Mason,mmasonrg@unesco.org,28,400
Larry,Graham,lgrahamrh@furl.net,28,400
Roger,Willis,rwillisri@geocities.jp,30,400
Robert,Price,rpricerj@netvibes.com,29,400
Ashley,Reynolds,areynoldsrk@github.com,27,200
Kimberly,White,kwhiterl@rakuten.co.jp,26,200
Nicole,Ramirez,nramirezrm@timesonline.co.uk,27,200
Katherine,Pierce,kpiercern@vinaora.com,20,200
Michael,Howard,mhowardro@loc.gov,20,200
Eric,Hunter,ehunterrp@linkedin.com,21,200
Anna,Miller,amillerrq@skype.com,20,200
Carlos,George,cgeorgerr@netvibes.com,27,200
